{
    "train_loss": [
        0.06803347771125118,
        2.3746399847368592e-06,
        4.81307204154291e-07,
        3.1977881576494837e-07,
        2.688168660824886e-07,
        2.515315372875193e-07,
        2.9206266390247036e-07,
        2.527236097193963e-07,
        2.2381539054094902e-07,
        2.4497499566678017e-07,
        2.4944534516180283e-07,
        2.48253285235478e-07,
        2.512335061055637e-07,
        2.2411340864891825e-07,
        2.646445466325531e-07,
        2.461671135733923e-07,
        2.548097802446136e-07,
        2.3931258738230097e-07,
        2.7149905122314523e-07,
        2.6255837155986227e-07,
        2.664326808599071e-07,
        2.6255836701238875e-07,
        2.2798771112775284e-07,
        2.4437898218820917e-07,
        2.413987476757029e-07,
        2.562999065958138e-07,
        2.777575457457715e-07,
        2.5510779664728036e-07,
        2.339481756052919e-07,
        2.6315441914448456e-07,
        2.402066547801951e-07,
        2.3335212858910382e-07,
        2.419947838916414e-07,
        2.580880317282208e-07,
        2.7984367363842465e-07,
        2.6583662929624554e-07,
        2.512334975790509e-07,
        2.592801263290312e-07,
        2.4646514134474274e-07,
        2.518295525533176e-07,
        2.2649760126114415e-07,
        2.2828573150945886e-07,
        2.738832336035557e-07,
        2.3514025883741852e-07,
        2.431868870189646e-07,
        2.2232526930565655e-07,
        2.3245805436999944e-07,
        2.503394284758542e-07,
        2.488493282726267e-07,
        2.369284050018905e-07
    ],
    "val_loss": [
        0.0,
        0.0,
        0.0,
        1.4901160305669237e-09,
        1.7881392366803084e-09,
        1.7881392366803084e-09,
        2.086162442793693e-09,
        2.086162442793693e-09,
        2.086162442793693e-09,
        1.7881392366803084e-09,
        2.086162442793693e-09,
        1.7881392366803084e-09,
        2.086162442793693e-09,
        2.3841856489070778e-09,
        2.086162442793693e-09,
        2.086162442793693e-09,
        2.086162442793693e-09,
        2.3841856489070778e-09,
        2.3841856489070778e-09,
        2.3841856489070778e-09,
        2.086162442793693e-09,
        2.086162442793693e-09,
        2.3841856489070778e-09,
        2.086162442793693e-09,
        2.6822088550204627e-09,
        2.086162442793693e-09,
        1.7881392366803084e-09,
        1.7881392366803084e-09,
        2.086162442793693e-09,
        2.3841856489070778e-09,
        2.086162442793693e-09,
        2.086162442793693e-09,
        1.7881392366803084e-09,
        2.086162442793693e-09,
        1.7881392366803084e-09,
        2.6822088550204627e-09,
        2.086162442793693e-09,
        1.7881392366803084e-09,
        1.7881392366803084e-09,
        1.7881392366803084e-09,
        2.086162442793693e-09,
        2.086162442793693e-09,
        2.086162442793693e-09,
        2.086162442793693e-09,
        1.7881392366803084e-09,
        2.086162442793693e-09,
        2.6822088550204627e-09,
        2.3841856489070778e-09,
        2.3841856489070778e-09,
        2.086162442793693e-09
    ],
    "train_acc": [
        0.96,
        1.0,
        1.0,
        1.0,
        1.0,
        1.0,
        1.0,
        1.0,
        1.0,
        1.0,
        1.0,
        1.0,
        1.0,
        1.0,
        1.0,
        1.0,
        1.0,
        1.0,
        1.0,
        1.0,
        1.0,
        1.0,
        1.0,
        1.0,
        1.0,
        1.0,
        1.0,
        1.0,
        1.0,
        1.0,
        1.0,
        1.0,
        1.0,
        1.0,
        1.0,
        1.0,
        1.0,
        1.0,
        1.0,
        1.0,
        1.0,
        1.0,
        1.0,
        1.0,
        1.0,
        1.0,
        1.0,
        1.0,
        1.0,
        1.0
    ],
    "val_acc": [
        1.0,
        1.0,
        1.0,
        1.0,
        1.0,
        1.0,
        1.0,
        1.0,
        1.0,
        1.0,
        1.0,
        1.0,
        1.0,
        1.0,
        1.0,
        1.0,
        1.0,
        1.0,
        1.0,
        1.0,
        1.0,
        1.0,
        1.0,
        1.0,
        1.0,
        1.0,
        1.0,
        1.0,
        1.0,
        1.0,
        1.0,
        1.0,
        1.0,
        1.0,
        1.0,
        1.0,
        1.0,
        1.0,
        1.0,
        1.0,
        1.0,
        1.0,
        1.0,
        1.0,
        1.0,
        1.0,
        1.0,
        1.0,
        1.0,
        1.0
    ],
    "best_val_acc": 1.0,
    "best_epoch": 0
}